{
  "chi2_statistic": 404.3696281089508,
  "p_value": 3.213763744747754e-84,
  "degrees_of_freedom": 6,
  "significant": true,
  "test_performed": true
}