,num_repairs,num_turns,mean_words_per_turn,unresolved_count
num_repairs,1.0,0.35228397546350704,0.008130160571724079,0.3948322763330827
num_turns,0.35228397546350704,1.0,-0.031521979794630145,0.049757437540427434
mean_words_per_turn,0.008130160571724079,-0.031521979794630145,1.0,-0.01667718844213996
unresolved_count,0.3948322763330827,0.049757437540427434,-0.01667718844213996,1.0
